day,person1,person2
3,Daniel,Emma
3,Emma,Oscar
4,Emily,Emma
4,Alex,Mia
6,Jacob,Madison
7,Mason,Sophia
8,Harry,Noah
8,Madison,Oscar
9,Mason,Olivia
11,Daniel,Noah
11,Mason,Sophia
13,Mia,Poppy
14,Mason,Poppy
15,Alex,Harry
15,Poppy,Sophia
15,Harry,Mason
18,Mason,Oscar
18,Emma,Olivia
19,Ethan,Harry
19,Emily,Madison
19,Emily,Ethan
20,Madison,Sophia
21,Harry,Mia
22,Noah,Poppy
23,Jacob,Mason
24,Emily,Poppy
25,Alex,Noah
25,Alex,Oscar
27,Alex,Noah
28,Harry,Poppy
29,Oscar,Sophia
29,Emma,Oscar
30,Mia,Noah
31,Mia,Noah
33,Emily,Olivia
34,Emma,Jacob
35,Daniel,Jacob
35,Daniel,Oscar
38,Ethan,Harry
40,Emma,Oscar
41,Noah,Sophia
41,Daniel,Noah
41,Madison,Olivia
41,Alex,Mia
42,Jacob,Olivia
46,Harry,Oscar
48,Jacob,Sophia
49,Jacob,Olivia
50,Daniel,Mia
50,Alex,Oscar
51,Daniel,Olivia
53,Mia,Sophia
53,Daniel,Mia
53,Alex,Harry
55,Daniel,Emma
55,Emma,Mason
56,Harry,Noah
58,Emma,Madison
58,Alex,Harry
62,Ethan,Sophia
63,Emily,Mason
63,Alex,Mason
64,Harry,Madison
65,Emily,Jacob
66,Mason,Mia
67,Alex,Oscar
67,Ethan,Poppy
67,Noah,Sophia
69,Mason,Oscar
69,Jacob,Olivia
69,Emily,Emma
69,Emma,Madison
70,Alex,Harry
71,Daniel,Oscar
72,Harry,Oscar
72,Alex,Sophia
74,Emma,Madison
74,Mia,Sophia
75,Daniel,Mason
75,Jacob,Madison
76,Mia,Sophia
76,Madison,Olivia
76,Noah,Poppy
77,Daniel,Sophia
80,Alex,Daniel
80,Madison,Olivia
81,Emma,Sophia
81,Daniel,Mason
81,Ethan,Harry
82,Emma,Sophia
84,Mia,Poppy
84,Emma,Poppy
85,Alex,Mia
87,Daniel,Mason
87,Mia,Noah
88,Daniel,Ethan
89,Mia,Poppy
89,Harry,Noah
91,Harry,Poppy
91,Daniel,Oscar
93,Alex,Ethan
95,Harry,Oscar
96,Harry,Sophia
98,Oscar,Poppy
99,Daniel,Mia
99,Daniel,Madison
102,Emily,Olivia
102,Harry,Noah
102,Ethan,Harry
103,Daniel,Poppy
105,Alex,Sophia
105,Daniel,Harry
105,Mason,Noah
106,Emma,Oscar
106,Alex,Ethan
106,Alex,Poppy
106,Emma,Mia
108,Alex,Poppy
109,Poppy,Sophia
110,Emma,Mia
110,Emily,Jacob
112,Mia,Poppy
112,Mia,Oscar
112,Harry,Noah
112,Harry,Poppy
113,Mason,Mia
114,Ethan,Sophia
114,Olivia,Oscar
115,Noah,Sophia
115,Harry,Mia
116,Emily,Madison
116,Daniel,Jacob
117,Mia,Noah
117,Mason,Poppy
118,Emma,Sophia
118,Oscar,Poppy
118,Jacob,Olivia
119,Harry,Olivia
119,Olivia,Poppy
119,Ethan,Noah
120,Madison,Olivia
121,Ethan,Oscar
122,Ethan,Mason
122,Emily,Oscar
122,Alex,Mason
123,Emma,Ethan
124,Mia,Sophia
126,Madison,Noah
126,Ethan,Mia
126,Emily,Oscar
128,Daniel,Noah
130,Mia,Sophia
130,Oscar,Poppy
132,Alex,Jacob
133,Emma,Mason
133,Jacob,Madison
134,Daniel,Sophia
136,Alex,Harry
136,Mason,Noah
137,Alex,Ethan
138,Emma,Jacob
138,Daniel,Harry
140,Daniel,Sophia
141,Mason,Noah
143,Alex,Sophia
145,Ethan,Noah
146,Jacob,Mason
146,Madison,Noah
148,Madison,Sophia
148,Alex,Sophia
149,Alex,Noah
149,Daniel,Madison
151,Jacob,Olivia
152,Emma,Madison
152,Emily,Harry
152,Oscar,Poppy
152,Harry,Oscar
152,Emily,Emma
153,Harry,Sophia
153,Harry,Mia
155,Alex,Mason
156,Ethan,Oscar
157,Ethan,Noah
162,Jacob,Madison
162,Harry,Oscar
163,Jacob,Poppy
163,Emma,Olivia
163,Daniel,Ethan
164,Alex,Oscar
166,Emma,Poppy
167,Ethan,Mason
168,Harry,Olivia
171,Jacob,Olivia
171,Madison,Poppy
172,Daniel,Mia
174,Mason,Mia
174,Emily,Noah
175,Daniel,Sophia
176,Mason,Oscar
177,Emily,Oscar
178,Daniel,Ethan
178,Emma,Jacob
179,Ethan,Oscar
180,Alex,Noah
180,Daniel,Poppy
181,Daniel,Olivia
183,Alex,Oscar
183,Mason,Poppy
184,Mason,Oscar
185,Ethan,Poppy
186,Mia,Oscar
187,Mia,Poppy
189,Emily,Sophia
189,Ethan,Mia
190,Ethan,Mia
190,Ethan,Noah
190,Jacob,Poppy
191,Alex,Poppy
191,Daniel,Madison
192,Alex,Noah
193,Emily,Harry
194,Olivia,Sophia
195,Harry,Noah
195,Jacob,Mia
195,Poppy,Sophia
196,Daniel,Noah
198,Mia,Olivia
198,Emma,Olivia
199,Oscar,Poppy
199,Noah,Oscar
201,Emma,Olivia
204,Alex,Noah
206,Alex,Daniel
207,Emma,Noah
208,Ethan,Harry
210,Harry,Mason
210,Madison,Olivia
210,Mia,Oscar
211,Noah,Poppy
211,Daniel,Poppy
213,Alex,Harry
215,Madison,Sophia
215,Ethan,Sophia
215,Alex,Mia
216,Noah,Poppy
219,Madison,Oscar
219,Harry,Mason
219,Harry,Mia
220,Daniel,Oscar
220,Alex,Harry
220,Harry,Mia
222,Alex,Emily
225,Emma,Olivia
225,Emma,Noah
225,Harry,Mason
226,Mason,Sophia
226,Daniel,Poppy
227,Alex,Madison
227,Emily,Olivia
230,Madison,Sophia
231,Alex,Poppy
232,Daniel,Ethan
233,Noah,Oscar
233,Mason,Poppy
236,Ethan,Mason
236,Alex,Mason
237,Emily,Noah
237,Jacob,Noah
237,Harry,Oscar
238,Ethan,Mia
238,Harry,Mia
238,Mia,Poppy
239,Madison,Poppy
239,Ethan,Mia
239,Alex,Mason
242,Oscar,Poppy
242,Noah,Poppy
242,Daniel,Madison
244,Madison,Olivia
245,Oscar,Sophia
247,Emily,Madison
247,Noah,Poppy
247,Alex,Olivia
248,Emily,Madison
250,Ethan,Mia
251,Jacob,Sophia
251,Noah,Oscar
251,Ethan,Poppy
251,Harry,Jacob
252,Madison,Mason
252,Mason,Noah
252,Mason,Sophia
253,Emma,Mason
253,Jacob,Madison
254,Emma,Poppy
255,Mason,Oscar
257,Harry,Noah
258,Olivia,Sophia
259,Harry,Mason
259,Madison,Noah
260,Daniel,Ethan
260,Ethan,Noah
262,Emma,Olivia
262,Emily,Oscar
267,Mason,Noah
267,Oscar,Sophia
268,Emily,Harry
268,Alex,Ethan
268,Daniel,Oscar
269,Alex,Ethan
270,Alex,Poppy
270,Alex,Emma
274,Oscar,Sophia
275,Alex,Mason
276,Daniel,Mia
277,Mia,Poppy
279,Poppy,Sophia
279,Mason,Poppy
280,Emily,Olivia
280,Alex,Oscar
280,Emma,Madison
281,Oscar,Sophia
282,Noah,Sophia
283,Emily,Madison
284,Daniel,Poppy
285,Poppy,Sophia
286,Emma,Jacob
288,Emily,Madison
290,Mason,Mia
290,Emma,Sophia
291,Harry,Mason
294,Olivia,Sophia
296,Daniel,Oscar
297,Mason,Noah
299,Daniel,Sophia
301,Mia,Oscar
305,Mason,Poppy
305,Harry,Mason
308,Madison,Mason
309,Ethan,Olivia
311,Emily,Madison
311,Emily,Sophia
312,Mia,Poppy
313,Emily,Olivia
315,Oscar,Poppy
316,Mason,Poppy
318,Harry,Mia
318,Noah,Sophia
320,Ethan,Sophia
320,Mia,Noah
320,Alex,Poppy
322,Jacob,Madison
323,Mia,Oscar
323,Mia,Noah
323,Alex,Oscar
326,Emma,Noah
326,Daniel,Emma
327,Ethan,Noah
328,Olivia,Oscar
328,Daniel,Oscar
328,Mason,Poppy
329,Mason,Mia
329,Ethan,Oscar
330,Daniel,Noah
332,Alex,Noah
333,Emily,Emma
333,Madison,Olivia
335,Alex,Madison
336,Ethan,Oscar
336,Noah,Poppy
337,Noah,Poppy
337,Emily,Jacob
339,Alex,Poppy
339,Harry,Oscar
340,Ethan,Mia
342,Madison,Sophia
344,Alex,Daniel
344,Mia,Sophia
344,Ethan,Mason
345,Alex,Emma
345,Alex,Emily
346,Emily,Olivia
347,Orla,Olivia
349,Emma,Madison
350,Jacob,Noah
350,Emma,Harry
351,Jacob,Madison
351,Ethan,Jacob
352,Harry,Sophia
353,Alex,Mia
354,Emma,Mason
355,Emily,Emma
355,Emma,Olivia
356,Emma,Jacob
357,Daniel,Mia
357,Mason,Mia
357,Noah,Sophia
358,Orla,Mason
358,Orla,Sophia
359,Mia,Noah
359,Orla,Noah
