commit_date,repository,username
2019-11-03 07:07:37,canary,phiate
2019-11-04 05:12:12,guava,workergl1
2019-11-08 11:45:48,pandas,conall_ie
2019-11-09 22:17:57,mypy,phiate
2019-11-11 01:11:33,keras,logicl
2019-11-13 02:17:34,keras,logicl
2019-11-15 02:27:18,blaze,sydney2020
2019-11-18 07:52:47,keras,logicl
2019-11-18 18:05:39,pandas,conall_ie
2019-11-20 16:15:46,canary,linkines
2019-11-22 07:27:25,pandas,conall_ie
2019-11-24 09:29:38,blaze,workergl1
2019-11-27 07:56:02,pandas,conall_ie
2019-11-28 18:01:57,pytorch,workergl1
2019-11-28 18:12:48,canary,rob_avila
2019-11-28 21:56:16,guava,phiate
2019-11-30 05:45:58,keras,sarashields
2019-12-01 15:17:37,netty,rob_avila
2019-12-02 07:28:41,canary,timesparis
2019-12-02 12:34:19,canary,linkines
2019-12-02 15:02:52,blaze,isobel_k
2019-12-03 17:44:11,blaze,workergl1
2019-12-04 04:42:37,blaze,isobel_k
2019-12-05 23:35:46,mypy,sarashields
2019-12-07 12:22:45,blaze,isobel_k
2019-12-08 07:37:04,blaze,workergl1
2019-12-08 09:29:25,canary,linkines
2019-12-11 17:09:06,blaze,isobel_k
2019-12-13 09:26:31,spacy,linkines
2019-12-13 09:45:07,canary,workergl1
2019-12-13 19:31:02,keras,logicl
2019-12-15 05:52:09,pytorch,sydney2020
2019-12-15 11:25:03,pytorch,raniacoder
2019-12-19 02:43:46,pytorch,phiate
2019-12-20 02:49:31,pytorch,phiate
2019-12-24 18:25:32,guava,timesparis
2019-12-26 07:57:05,blaze,isobel_k
2019-12-27 07:43:15,netty,sue_v2017
2019-12-27 17:11:55,pytorch,phiate
2019-12-30 14:58:32,netty,sue_v2017
2019-12-31 00:01:04,pandas,conall_ie
2020-01-03 12:17:42,blaze,workergl1
2020-01-03 12:38:10,networkx,shang301
2020-01-03 17:54:28,pandas,conall_ie
2020-01-04 07:56:13,keras,logicl
2020-01-08 20:00:38,blaze,mary_hail
2020-01-09 13:56:57,keras,logicl
2020-01-09 20:42:08,blaze,workergl1
2020-01-10 19:30:18,pytorch,phiate
2020-01-11 07:25:47,canary,linkines
2020-01-12 02:50:08,pandas,spideric
2020-01-12 15:19:42,spacy,andreas_barry
2020-01-14 13:18:55,guava,rigaud1
2020-01-15 08:43:10,spacy,logicl
2020-01-15 22:06:06,keras,sydney2020
2020-01-16 11:43:32,networkx,shang301
2020-01-16 15:33:28,keras,logicl
2020-01-17 13:00:37,keras,andreas_barry
2020-01-19 07:33:25,keras,logicl
2020-01-20 15:30:27,blaze,isobel_k
2020-01-22 03:10:30,blaze,isobel_k
2020-01-23 05:06:43,pandas,conall_ie
2020-01-25 15:53:42,keras,logicl
2020-01-25 17:00:44,blaze,kody99
2020-01-26 11:36:28,pytorch,phiate
2020-01-27 16:33:16,netty,rob_avila
2020-01-28 06:03:08,keras,logicl
2020-01-28 06:31:19,canary,permaxi
2020-01-28 16:40:31,mypy,kody99
2020-01-28 17:04:34,pytorch,raniacoder
2020-01-29 22:58:39,keras,logicl
2020-01-30 07:07:40,keras,logicl
2020-01-30 09:08:05,netty,shang301
2020-01-31 09:00:45,networkx,shang301
2020-01-31 13:46:46,blaze,workergl1
2020-02-02 11:58:26,netty,sue_v2017
2020-02-02 14:00:52,networkx,shang301
2020-02-04 11:37:20,pytorch,phiate
2020-02-04 15:15:33,networkx,timesparis
2020-02-07 17:14:16,netty,spideric
2020-02-10 22:52:20,blaze,workergl1
2020-02-11 05:54:23,blaze,workergl1
